Time_s,Length_mm,Pressure_kPa
1,157.66,0
2.1,157.66,0
3.1,157.66,0
4.1,157.66,0
5.1,157.66,0
6.1,157.66,0
7.3,157.65,0
8.3,157.65,0
9.3,157.66,0
10.3,157.65,0
11.3,157.65,0
12.3,157.65,0
13.3,157.66,0
14.4,157.66,0
15.4,157.66,0
16.4,157.66,0
17.4,157.65,0
18.4,157.65,0
19.5,157.65,0
20.5,157.66,0
21.6,157.66,0
22.6,157.66,0
23.6,157.67,0
24.6,157.67,0
25.6,157.67,0
26.7,157.66,0
27.7,157.66,0
28.7,157.65,0
29.7,157.65,0
30.7,157.65,15
31.7,157.65,20
32.8,157.66,20
33.8,157.66,20
34.8,157.66,20
35.8,157.66,20
36.9,157.66,20
37.9,157.66,20
38.9,157.66,20
39.9,157.66,20
40.9,157.66,20
42,157.66,20
43,157.65,20
44,157.65,20
45.1,157.66,20
46.1,157.66,20
47.1,157.66,20
48.1,157.66,20
49.2,157.66,20
50.2,157.66,20
51.2,157.66,20
52.2,157.66,20
53.2,157.66,20
54.3,157.65,20
55.3,157.65,20
56.3,157.65,20
57.4,157.66,20
58.4,157.65,20
59.4,157.66,20
60.4,157.66,11.5
61.4,157.66,0
62.4,157.66,0
63.5,157.65,0
64.5,157.66,0
65.5,157.66,0
66.5,157.66,0
67.6,157.66,0
68.6,157.65,0
69.6,157.65,0
70.6,157.65,0
71.6,157.66,0
72.6,157.67,0
73.7,157.67,0
74.7,157.67,0
75.7,157.67,0
76.7,157.67,0
77.8,157.66,0
78.8,157.66,0
79.9,157.66,0
80.9,157.66,0
81.9,157.66,0
82.9,157.66,0
84,157.66,0
85,157.66,0
86,157.66,0
87,157.66,0
88.1,157.65,0
89.1,157.65,0
90.1,157.66,1
91.1,157.65,30
92.1,157.65,30
93.1,157.65,30
94.2,157.66,30
95.2,157.66,30
96.2,157.66,30
97.2,157.66,30
98.2,157.65,30
99.2,157.65,30
100.2,157.65,30
101.3,157.66,30
102.3,157.65,30
103.4,157.65,30
104.4,157.65,30
105.4,157.65,30
106.4,157.65,30
107.4,157.66,30
108.4,157.66,30
109.5,157.65,30
110.5,157.65,30
111.5,157.65,30
112.5,157.66,30
113.5,157.66,30
114.5,157.66,30
115.5,157.66,30
116.6,157.66,30
117.6,157.67,30
118.6,157.67,30
119.6,157.66,30
120.6,157.66,25
121.6,157.66,0
122.7,157.66,0
123.7,157.67,0
124.7,157.67,0
125.7,157.68,0
126.8,157.68,0
127.8,157.67,0
128.8,157.66,0
129.8,157.66,0
130.9,157.66,0
131.9,157.66,0
132.9,157.66,0
133.9,157.66,0
134.9,157.66,0
135.9,157.66,0
136.9,157.67,0
137.9,157.69,0
139,157.69,0
140,157.68,0
141,157.67,0
142,157.66,0
143,157.66,0
144,157.66,0
145,157.66,0
146,157.67,0
147.1,157.67,0
148.1,157.67,0
149.1,157.67,0
150.1,157.67,3.6
151.2,157.66,40
152.2,157.66,40
153.3,157.66,40
154.3,157.66,40
155.3,157.66,40
156.3,157.66,40
157.4,157.67,40
158.4,157.67,40
159.4,157.67,40
160.4,157.66,40
161.5,157.66,40
162.5,157.65,40
163.5,157.65,40
164.5,157.65,40
165.5,157.65,40
166.5,157.65,40
167.6,157.65,40
168.6,157.65,40
169.6,157.65,40
170.6,157.64,40
171.7,157.65,40
172.7,157.65,40
173.7,157.65,40
174.7,157.65,40
175.7,157.65,40
176.8,157.65,40
177.8,157.65,40
178.8,157.65,40
179.8,157.65,40
180.8,157.65,40
181.9,157.65,6.2
182.9,157.64,0
183.9,157.65,0
184.9,157.65,0
185.9,157.66,0
186.9,157.66,0
187.9,157.66,0
189,157.65,0
190,157.65,0
191,157.65,0
192,157.65,0
193.1,157.66,0
194.1,157.66,0
195.1,157.66,0
196.1,157.66,0
197.2,157.66,0
198.2,157.66,0
199.2,157.66,0
200.3,157.66,0
201.3,157.66,0
202.3,157.66,0
203.3,157.66,0
204.4,157.66,0
205.4,157.65,0
206.4,157.65,0
207.4,157.65,0
208.5,157.65,0
209.5,157.65,0
210.5,157.65,6.5
211.5,157.65,50
212.5,157.65,50
213.5,157.66,50
214.5,157.66,50
215.6,157.66,50
216.6,157.65,50
217.6,157.65,50
218.7,157.65,50
219.7,157.66,50
220.7,157.66,50
221.7,157.66,50
222.8,157.66,50
223.8,157.66,50
224.8,157.66,50
225.8,157.67,50
226.8,157.67,50
227.9,157.67,50
228.9,157.66,50
229.9,157.66,50
231,157.65,50
232,157.65,50
233,157.65,50
234,157.65,50
235.1,157.65,50
236.1,157.66,50
237.1,157.66,50
238.1,157.66,50
239.1,157.65,50
240.1,157.65,50
241.1,157.65,18.2
242.2,157.65,0
243.2,157.65,0
244.2,157.66,0
245.2,157.66,0
246.2,157.66,0
247.3,157.66,0
248.3,157.66,0
249.3,157.66,0
250.3,157.66,0
251.3,157.66,0
252.3,157.66,0
253.3,157.65,0
254.3,157.65,0
255.3,157.65,0
256.3,157.65,0
257.4,157.65,0
258.4,157.65,0
259.4,157.65,0
260.4,157.65,0
261.4,157.66,0
262.4,157.66,0
263.5,157.66,0
264.5,157.66,0
265.5,157.66,0
266.6,157.66,0
267.6,157.66,0
268.6,157.67,0
269.6,157.66,0
270.6,157.66,16
271.7,157.66,60
272.7,157.66,60
273.7,157.66,60
274.7,157.66,60
275.7,157.66,60
276.8,157.65,60
277.8,157.65,60
278.8,157.65,60
279.8,157.65,60
280.8,157.65,60
281.8,157.64,60
282.8,157.65,60
283.9,157.65,60
284.9,157.65,60
285.9,157.64,60
286.9,157.64,60
287.9,157.64,60
289,157.64,60
290,157.63,60
291,157.62,60
292,157.63,60
293,157.63,60
294.1,157.64,60
295.1,157.64,60
296.1,157.64,60
297.1,157.63,60
298.2,157.65,60
299.2,157.65,60
300.2,157.65,60
301.2,157.65,20.6
302.2,157.65,0
303.2,157.66,0
304.2,157.67,0
305.3,157.66,0
306.3,157.65,0
307.3,157.64,0
308.3,157.63,0
309.4,157.64,0
310.4,157.65,0
311.5,157.65,0
312.5,157.64,0
313.5,157.64,0
314.6,157.64,0
315.6,157.64,0
316.6,157.64,0
317.6,157.63,0
318.6,157.63,0
319.6,157.64,0
320.7,157.65,0
321.7,157.65,0
322.7,157.65,0
323.7,157.65,0
324.8,157.64,0
325.8,157.64,0
326.9,157.64,0
327.9,157.65,0
328.9,157.65,0
330,157.65,0
331,157.64,21.9
332,157.64,70
333.1,157.64,70
334.1,157.64,70
335.1,157.64,70
336.2,157.63,70
337.2,157.63,70
338.2,157.63,70
339.3,157.64,70
340.3,157.64,70
341.3,157.63,70
342.3,157.63,70
343.3,157.64,70
344.3,157.64,70
345.3,157.64,70
346.3,157.64,70
347.4,157.63,70
348.4,157.61,70
349.4,157.62,70
350.4,157.62,70
351.5,157.64,70
352.5,157.64,70
353.5,157.64,70
354.5,157.63,70
355.6,157.62,70
356.6,157.62,70
357.6,157.63,70
358.6,157.63,70
359.6,157.63,70
360.6,157.63,50
361.6,157.63,0
362.6,157.62,0
363.7,157.62,0
364.7,157.62,0
365.7,157.63,0
366.7,157.64,0
367.7,157.63,0
368.7,157.62,0
369.7,157.62,0
370.7,157.62,0
371.8,157.63,0
372.8,157.63,0
373.8,157.63,0
374.8,157.62,0
375.8,157.62,0
376.9,157.62,0
377.9,157.62,0
378.9,157.62,0
379.9,157.62,0
380.9,157.62,0
382,157.63,0
383,157.63,0
384,157.63,0
385,157.63,0
386,157.63,0
387,157.63,0
388,157.62,0
389.1,157.61,0
390.1,157.61,0
391.1,157.61,54.2
392.1,157.62,80
393.1,157.62,80
394.1,157.62,80
395.1,157.62,80
396.2,157.62,80
397.2,157.63,80
398.2,157.64,80
399.2,157.64,80
400.2,157.64,80
401.2,157.64,80
402.3,157.64,80
403.3,157.65,80
404.3,157.65,80
405.3,157.64,80
406.3,157.63,80
407.3,157.63,80
408.4,157.63,80
409.4,157.63,80
410.4,157.63,80
411.4,157.63,80
412.4,157.63,80
413.5,157.63,80
414.6,157.63,80
415.6,157.63,80
416.6,157.64,80
417.6,157.64,80
418.7,157.64,80
419.7,157.64,80
420.7,157.64,53.3
421.7,157.64,0
422.8,157.62,0
423.8,157.6,0
424.8,157.59,0
425.8,157.58,0
426.8,157.59,0
427.8,157.59,0
428.9,157.6,0
429.9,157.61,0
430.9,157.62,0
432,157.62,0
433,157.62,0
434,157.63,0
435,157.63,0
436,157.64,0
437,157.63,0
438,157.63,0
439.1,157.62,0
440.1,157.61,0
441.1,157.61,0
442.2,157.6,0
443.2,157.6,0
444.2,157.61,0
445.2,157.61,0
446.2,157.62,0
447.3,157.62,0
448.4,157.61,0
449.4,157.6,0
450.4,157.59,9.3
451.4,157.6,90
452.4,157.61,90
453.4,157.63,90
454.4,157.64,90
455.5,157.64,90
456.5,157.64,90
457.5,157.64,90
458.5,157.64,90
459.5,157.64,90
460.5,157.64,90
461.5,157.64,90
462.5,157.66,90
463.6,157.66,90
464.6,157.65,90
465.6,157.65,90
466.6,157.64,90
467.6,157.65,90
468.6,157.67,90
469.6,157.68,90
470.7,157.68,90
471.7,157.67,90
472.7,157.66,90
473.7,157.66,90
474.7,157.65,90
475.8,157.65,90
476.8,157.65,90
477.8,157.65,90
478.8,157.65,90
479.8,157.65,90
480.8,157.64,45
481.9,157.64,0
482.9,157.62,0
483.9,157.61,0
484.9,157.6,0
486,157.6,0
487,157.61,0
488,157.61,0
489,157.61,0
490,157.61,0
491,157.6,0
492,157.61,0
493,157.63,0
494.1,157.63,0
495.1,157.63,0
496.1,157.62,0
497.1,157.62,0
498.1,157.63,0
499.2,157.62,0
500.2,157.61,0
501.2,157.59,0
502.2,157.59,0
503.2,157.59,0
504.2,157.6,0
505.3,157.6,0
506.3,157.6,0
507.3,157.6,0
508.4,157.6,0
509.4,157.6,0
510.5,157.6,10
511.5,157.61,100
512.5,157.63,100
513.5,157.65,100
514.5,157.65,100
515.5,157.66,100
516.6,157.65,100
517.6,157.64,100
518.6,157.62,100
519.6,157.59,100
520.7,157.57,100
521.7,157.55,100
522.7,157.54,100
523.7,157.54,100
524.7,157.53,100
525.8,157.54,100
526.8,157.54,100
527.9,157.55,100
528.9,157.55,100
529.9,157.58,100
530.9,157.59,100
531.9,157.6,100
532.9,157.6,100
533.9,157.6,100
535,157.61,100
536,157.6,100
537,157.58,100
538,157.56,100
539,157.55,100
540.1,157.54,100
541.1,157.53,13.8
542.1,157.54,0
543.1,157.55,0
544.1,157.56,0
545.2,157.58,0
546.2,157.59,0
547.2,157.59,0
548.2,157.59,0
549.3,157.58,0
550.3,157.59,0
551.3,157.59,0
552.3,157.6,0
553.3,157.6,0
554.3,157.6,0
555.4,157.6,0
556.4,157.6,0
557.4,157.6,0
558.4,157.6,0
559.4,157.58,0
560.5,157.57,0
561.5,157.57,0
562.5,157.59,0
563.5,157.61,0
564.6,157.61,0
565.6,157.61,0
566.7,157.61,0
567.7,157.61,0
568.7,157.61,0
569.8,157.61,0
570.8,157.6,47.7
571.8,157.6,110
572.8,157.58,110
573.8,157.56,110
574.9,157.55,110
575.9,157.54,110
576.9,157.56,110
577.9,157.55,110
578.9,157.51,110
579.9,157.41,110
580.9,157.28,110
582,157.19,110
583,157.13,110
584.1,157.12,110
585.1,157.12,110
586.1,157.12,110
587.1,157.11,110
588.2,157.12,110
589.2,157.11,110
590.2,157.11,110
591.2,157.11,110
592.2,157.11,110
593.2,157.12,110
594.3,157.14,110
595.3,157.14,110
596.3,157.14,110
597.3,157.12,110
598.4,157.11,110
599.4,157.08,110
600.4,157.03,82.5
601.4,157,0
602.5,157.15,0
603.5,157.34,0
604.5,157.52,0
605.5,157.58,0
606.5,157.57,0
607.5,157.57,0
608.6,157.57,0
609.6,157.58,0
610.7,157.58,0
611.7,157.58,0
612.7,157.57,0
613.7,157.58,0
614.7,157.58,0
615.8,157.58,0
616.8,157.58,0
617.8,157.58,0
618.8,157.59,0
619.9,157.6,0
620.9,157.62,0
621.9,157.61,0
622.9,157.61,0
623.9,157.6,0
624.9,157.59,0
625.9,157.58,0
626.9,157.57,0
627.9,157.58,0
629,157.58,0
630,157.59,0
631,157.59,84
632,157.45,120
633,157.11,120
634.1,156.75,120
635.1,156.45,120
636.2,156.35,120
637.2,156.3,120
638.2,156.2,120
639.2,156.04,120
640.2,155.83,120
641.2,155.62,120
642.3,155.45,120
643.3,155.3,120
644.3,155.18,120
645.4,155.06,120
646.4,154.97,120
647.4,154.92,120
648.4,154.91,120
649.4,154.96,120
650.4,155.02,120
651.4,155.11,120
652.5,155.21,120
653.6,155.3,120
654.7,155.39,120
655.7,155.44,120
656.8,155.52,120
657.8,155.57,120
658.8,155.55,120
659.8,155.44,120
660.8,155.27,45
661.9,155.43,0
662.9,156.07,0
663.9,156.81,0
664.9,157.46,0
665.9,157.53,0
666.9,157.53,0
667.9,157.54,0
669,157.54,0
670,157.55,0
671,157.55,0
672,157.54,0
673,157.53,0
674,157.54,0
675,157.54,0
676,157.55,0
677,157.55,0
678.1,157.55,0
679.1,157.55,0
680.1,157.54,0
681.1,157.54,0
682.2,157.54,0
683.2,157.54,0
684.2,157.55,0
685.2,157.55,0
686.3,157.55,0
687.3,157.54,0
688.3,157.53,0
689.3,157.53,0
690.3,157.53,13
691.3,157.52,130
692.3,157.06,130
693.4,156.26,130
694.4,155.43,130
695.5,154.69,130
696.5,154.47,130
697.5,154.44,130
698.6,154.41,130
699.6,154.35,130
700.7,154.19,130
701.7,153.95,130
702.8,153.68,130
703.8,153.45,130
704.8,153.25,130
705.8,153.12,130
706.8,153.02,130
707.9,152.96,130
708.9,153,130
710,153.09,130
711,153.19,130
712,153.26,130
713,153.33,130
714,153.44,130
715,153.55,130
716,153.62,130
717.1,153.64,130
718.1,153.57,130
719.1,153.43,130
720.2,153.23,130
721.2,153.02,71.3
722.2,153.25,0
723.2,154.52,0
724.2,155.94,0
725.3,157.24,0
726.3,157.43,0
727.4,157.42,0
728.4,157.42,0
729.4,157.42,0
730.4,157.43,0
731.4,157.43,0
732.5,157.44,0
733.5,157.43,0
734.6,157.43,0
735.6,157.43,0
736.6,157.43,0
737.6,157.44,0
738.6,157.44,0
739.6,157.44,0
740.6,157.43,0
741.7,157.43,0
742.7,157.42,0
743.7,157.43,0
744.8,157.43,0
745.8,157.44,0
746.8,157.44,0
747.8,157.44,0
748.8,157.43,0
749.9,157.43,0
750.9,157.43,26.2
751.9,157.41,140
752.9,156.06,140
754,153.82,140
755,151.67,140
756,150.26,140
757,150.21,140
758,150.25,140
759,150.37,140
760,150.53,140
761,150.71,140
762.1,150.8,140
763.1,150.73,140
764.1,150.53,140
765.1,150.24,140
766.2,149.93,140
767.2,149.68,140
768.2,149.51,140
769.2,149.47,140
770.3,149.48,140
771.3,149.54,140
772.3,149.65,140
773.4,149.8,140
774.4,149.99,140
775.4,150.14,140
776.4,150.24,140
777.5,150.24,140
778.5,150.11,140
779.5,149.91,140
780.5,149.7,129.6
781.5,149.71,0
782.5,151.47,0
783.5,153.77,0
784.6,156.25,0
785.6,157.49,0
786.6,157.5,0
787.6,157.5,0
788.6,157.5,0
789.6,157.5,0
790.6,157.5,0
791.6,157.5,0
792.7,157.5,0
793.7,157.5,0
794.7,157.5,0
795.7,157.5,0
796.7,157.5,0
797.7,157.5,0
798.7,157.49,0
799.8,157.5,0
800.8,157.5,0
801.8,157.51,0
802.8,157.5,0
803.8,157.5,0
804.9,157.49,0
805.9,157.5,0
806.9,157.5,0
807.9,157.51,0
808.9,157.51,0
809.9,157.51,0
810.9,157.49,72.4
812,155.97,150
813,153.09,150
814,149.95,150
815.1,147.15,150
816.1,146.53,150
817.1,146.67,150
818.1,146.88,150
819.2,147.1,150
820.2,147.29,150
821.2,147.33,150
822.3,147.24,150
823.3,147,150
824.3,146.75,150
825.3,146.51,150
826.4,146.38,150
827.4,146.35,150
828.4,146.34,150
829.4,146.39,150
830.4,146.45,150
831.5,146.51,150
832.5,146.6,150
833.5,146.74,150
834.6,146.88,150
835.6,146.89,150
836.6,146.8,150
837.6,146.57,150
838.6,146.3,150
839.6,146.12,150
840.7,146,91.1
841.7,147.87,0
842.8,151.31,0
843.8,154.77,0
844.8,157.19,0
845.8,157.31,0
846.8,157.33,0
847.9,157.34,0
848.9,157.35,0
849.9,157.35,0
851,157.35,0
852,157.35,0
853,157.36,0
854,157.36,0
855.1,157.37,0
856.1,157.37,0
857.2,157.36,0
858.2,157.35,0
859.2,157.35,0
860.2,157.35,0
861.2,157.35,0
862.3,157.35,0
863.3,157.36,0
864.4,157.36,0
865.4,157.36,0
866.4,157.36,0
867.4,157.36,0
868.5,157.36,0
869.5,157.37,0
870.5,157.37,0
871.5,157.38,129
872.6,156.06,160
873.6,152.34,160
874.6,148.33,160
875.6,144.51,160
876.6,143.7,160
877.6,143.9,160
878.7,144.14,160
879.7,144.37,160
880.7,144.48,160
881.7,144.42,160
882.7,144.19,160
883.8,143.85,160
884.8,143.59,160
885.8,143.52,160
886.9,143.55,160
887.9,143.72,160
889,143.9,160
890,144.07,160
891.1,144.2,160
892.1,144.12,160
893.2,143.9,160
894.2,143.63,160
895.2,143.47,160
896.2,143.41,160
897.3,143.47,160
898.3,143.56,160
899.3,143.71,160
900.3,143.87,160
901.4,144.38,0
902.4,147.87,0
903.4,152.02,0
904.4,156.09,0
905.4,157.48,0
906.5,157.49,0
907.5,157.51,0
908.5,157.51,0
909.5,157.51,0
910.5,157.52,0
911.5,157.53,0
912.6,157.53,0
913.6,157.53,0
914.6,157.54,0
915.7,157.54,0
916.7,157.54,0
917.7,157.53,0
918.7,157.54,0
919.7,157.54,0
920.8,157.55,0
921.8,157.55,0
922.8,157.55,0
923.8,157.56,0
924.9,157.56,0
925.9,157.55,0
926.9,157.55,0
927.9,157.54,0
929,157.54,0
930,157.54,0
931,157.55,129.2
932,155.14,170
933,151.48,170
934.1,147.42,170
935.1,142.66,170
936.1,141.49,170
937.1,141.68,170
938.1,141.9,170
939.1,142.05,170
940.1,142.02,170
941.2,141.85,170
942.2,141.62,170
943.2,141.47,170
944.2,141.42,170
945.2,141.43,170
946.2,141.47,170
947.3,141.56,170
948.3,141.7,170
949.3,141.81,170
950.3,141.81,170
951.3,141.69,170
952.3,141.55,170
953.3,141.42,170
954.5,141.32,170
955.5,141.27,170
956.5,141.26,170
957.5,141.3,170
958.6,141.43,170
959.6,141.58,170
960.6,141.65,151.8
961.6,142.32,0
962.6,146.42,0
963.6,151.03,0
964.7,155.71,0
965.7,157.38,0
966.7,157.38,0
967.7,157.39,0
968.7,157.4,0
969.7,157.4,0
970.8,157.4,0
971.8,157.39,0
972.8,157.38,0
973.8,157.38,0
974.8,157.38,0
975.8,157.38,0
976.8,157.38,0
977.8,157.38,0
978.9,157.38,0
979.9,157.38,0
980.9,157.38,0
981.9,157.4,0
982.9,157.39,0
983.9,157.39,0
985,157.38,0
986,157.38,0
987,157.4,0
988,157.39,0
989,157.39,0
990,157.39,0
991.1,157.39,138
992.1,156.07,180
993.2,151.26,180
994.2,145.72,180
995.2,140.65,180
996.2,139.69,180
997.2,139.85,180
998.2,139.99,180
999.3,140.02,180
1000.3,139.97,180
1001.3,139.86,180
1002.3,139.73,180
1003.3,139.63,180
1004.3,139.59,180
1005.4,139.59,180
1006.4,139.62,180
1007.4,139.66,180
1008.4,139.72,180
1009.5,139.77,180
1010.5,139.79,180
1011.5,139.75,180
1012.6,139.63,180
1013.6,139.5,180
1014.6,139.41,180
1015.6,139.38,180
1016.6,139.38,180
1017.6,139.38,180
1018.6,139.38,180
1019.6,139.41,180
1020.7,139.48,173.3
1021.7,141.73,0
1022.8,146.43,0
1023.8,151.64,0
1024.8,156.35,0
1025.8,157.21,0
1026.9,157.25,0
1027.9,157.28,0
1028.9,157.29,0
1029.9,157.3,0
1031,157.31,0
1032,157.31,0
1033,157.31,0
1034.1,157.32,0
1035.1,157.32,0
1036.1,157.32,0
1037.1,157.32,0
1038.1,157.32,0
1039.2,157.32,0
1040.2,157.32,0
1041.2,157.32,0
1042.3,157.32,0
1043.3,157.31,0
1044.3,157.32,0
1045.3,157.32,0
1046.3,157.32,0
1047.4,157.31,0
1048.4,157.31,0
1049.4,157.31,0
1050.4,157.31,71.2
1051.4,155.46,190
1052.5,151.08,190
1053.5,145.85,190
1054.6,140.59,190
1055.6,138.77,190
1056.6,138.89,190
1057.6,138.95,190
1058.6,138.9,190
1059.6,138.76,190
1060.6,138.64,190
1061.6,138.62,190
1062.6,138.63,190
1063.7,138.63,190
1064.7,138.63,190
1065.7,138.63,190
1066.9,138.61,190
1067.9,138.56,190
1068.9,138.42,190
1069.9,138.27,190
1071,138.17,190
1072.2,138.2,190
1073.2,138.26,190
1074.2,138.36,190
1075.2,138.47,190
1076.2,138.54,190
1077.2,138.57,190
1078.2,138.54,190
1079.3,138.39,190
1080.3,138.18,190
1081.5,138.01,17.3
1082.6,141.12,0
1083.6,147.17,0
1084.6,153.23,0
1085.6,157.08,0
1086.6,157.18,0
1087.7,157.19,0
1088.7,157.2,0
1089.7,157.2,0
1090.7,157.2,0
1091.7,157.19,0
1092.7,157.17,0
1093.7,157.16,0
1094.7,157.15,0
1095.7,157.15,0
1096.7,157.16,0
1097.8,157.16,0
1098.8,157.15,0
1099.8,157.14,0
1100.8,157.13,0
1101.8,157.13,0
1102.8,157.12,0
1103.8,157.13,0
1104.9,157.13,0
1105.9,157.15,0
1106.9,157.16,0
1107.9,157.15,0
1108.9,157.13,0
1109.9,157.13,0
1110.9,157.13,35.7
1112,154.7,200
1113,149.01,200
1114,143.1,200
1115,137.94,200
1116,137.17,200
1117,137.3,200
1118.1,137.37,200
1119.1,137.36,200
1120.1,137.26,200
1121.1,137.15,200
1122.1,137.13,200
1123.1,137.13,200
1124.2,137.14,200
1125.2,137.15,200
1126.2,137.17,200
1127.2,137.14,200
1128.2,137.05,200
1129.2,136.87,200
1130.2,136.66,200
1131.3,136.52,200
1132.3,136.53,200
1133.3,136.64,200
1134.4,136.81,200
1135.4,136.96,200
1136.4,136.98,200
1137.4,136.92,200
1138.4,136.78,200
1139.4,136.65,200
1140.5,136.54,179.3
1141.5,137.12,0
1142.5,142.3,0
1143.5,148.39,0
1144.5,154.65,0
1145.6,157.13,0
1146.6,157.18,0
1147.6,157.21,0
1148.6,157.24,0
1149.6,157.26,0
1150.6,157.27,0
1151.6,157.26,0
1152.7,157.26,0
1153.7,157.26,0
1154.7,157.27,0
1155.7,157.26,0
1156.8,157.27,0
1157.8,157.26,0
1158.8,157.26,0
1159.8,157.26,0
1160.8,157.27,0
1161.8,157.27,0
1162.9,157.27,0
1163.9,157.28,0
1164.9,157.28,0
1165.9,157.28,0
1167,157.27,0
1168,157.27,0
1169,157.27,0
1170,157.28,0
1171.1,157.28,166.6
1172.1,156.73,210
1173.2,154.5,210
1174.2,149.72,210
1175.2,143.64,210
1176.2,140.57,210
1177.2,136.03,210
1178.2,133.81,210
1179.3,135.19,210
1180.3,135.72,210
1181.3,135.68,210
1182.3,135.66,210
1183.4,135.63,210
1184.4,135.55,210
1185.4,135.44,210
1186.4,134.72,210
1187.4,133.78,210
1188.5,133.61,210
1189.5,133.62,210
1190.5,133.8,210
1191.5,134.87,210
1192.5,135.41,210
1193.6,135.48,210
1194.6,135.51,210
1195.6,135.5,210
1196.7,135.45,210
1197.7,135.37,210
1198.7,135.28,210
1199.8,135.21,210
1200.8,135.21,210
1201.8,135.25,44.2
1202.8,138.75,0
1203.9,145.42,0
1204.9,152.21,0
1205.9,156.95,0
1207,157.16,0
1208,157.16,0
1209,157.17,0
1210,157.18,0
1211,157.19,0
